Tata, Nano Genx, Xt, Tata, NanG, Xt
Tata, Nano Genx, Xe, Tata, NanG, Xe
Tata, Nano Genx, Emax Xm, Tata, NanG, EXm
Tata, Nano Genx, Xta, Tata, NanG, Xta
Tata, Nano Genx, Xm, Tata, NanG, Xm
Tata, Nano Genx, Xma, Tata, NanG, Xma
Tata, Tiago, Revotron Xe, Tata, Tiag, RXe
Tata, Tiago, Revotron Xt, Tata, Tiag, RXt
Tata, Tiago, Revotron Xz, Tata, Tiag, RXz
Tata, Tiago, Revotron Xz Plus, Tata, Tiag, RXzP
Tata, Tiago, Revotron Xz Plus Dual Tone, Tata, Tiag, Revo
Tata, Tiago, Revotron Xza, Tata, Tiag, RXza
Tata, Tiago, Revotron Xza Plus, Tata, Tiag, RXzaP
Tata, Tiago, Revotron Xza Plus Dual Tone, Tata, Tiag, Revo
Datsun, Redi-Go, D, Dats, Redi, D
Datsun, Redi-Go, T, Dats, Redi, T
Datsun, Redi-Go, A, Dats, Redi, A
Datsun, Redi-Go, S, Dats, Redi, S
Datsun, Redi-Go, 1.0 S, Dats, Redi, 1S
Datsun, Redi-Go, 1.0 S Amt, Dats, Redi, 1SA
Datsun, Go, D, Dats, Go, D
Datsun, Go, T, Dats, Go, T
Datsun, Go, T (O), Dats, Go, TO
Datsun, Go, A (O), Dats, Go, AO
Datsun, Go, A, Dats, Go, A
Datsun, Go, T Vdc, Dats, Go, TVdc
Datsun, Go, T (O) Vdc, Dats, Go, TOV
Datsun, Go, T Cvt, Dats, Go, TCvt
Datsun, Go, T (O) Cvt, Dats, Go, TOC
Renault, Kwid, Rxe 0.8, Rena, Kwid, R08
Renault, Kwid, Std 0.8, Rena, Kwid, S08
Renault, Kwid, Rxl 0.8, Rena, Kwid, R08
Renault, Kwid, Rxt 0.8, Rena, Kwid, R08
Renault, Kwid, Rxt 1.0, Rena, Kwid, R10
Renault, Kwid, Climber 1.0 Mt, Rena, Kwid, C10M
Renault, Kwid, Rxt Amt 1.0, Rena, Kwid, RAmt1
Renault, Kwid, Climber Amt 1.0, Rena, Kwid, CAmt1
Renault, Kwid, Rxt (O) 1.0, Rena, Kwid, RO1
Renault, Kwid, Rxt (O) Amt 1.0, Rena, Kwid, ROA1
Renault, Kwid, Climber (O) Mt 1.0, Rena, Kwid, COM1
Renault, Kwid, Climber (O) Amt 1.0, Rena, Kwid, COA1
Renault, Triber, Rxe, Rena, Trib, Rxe
Renault, Triber, Rxl, Rena, Trib, Rxl
Renault, Triber, Rxt, Rena, Trib, Rxt
Renault, Triber, Rxz, Rena, Trib, Rxz
Maruti Suzuki, Eeco, 5 Str, Maru, Eeco, 5Str
Maruti Suzuki, Eeco, 7 Str, Maru, Eeco, 7Str
Maruti Suzuki, Eeco, 5 Str With Ac+Htr, Maru, Eeco, 5StrWA
Maruti Suzuki, Eeco, 5 Str With Ac+Htr Cng, Maru, Eeco, 5 St
Maruti Suzuki, Eeco, 5 Str With Htr Cng, Maru, Eeco, 5 St
Maruti Suzuki, Alto K10, Lxi, Maru, AltK, Lxi
Maruti Suzuki, Alto K10, Vxi, Maru, AltK, Vxi
Maruti Suzuki, Alto K10, Lx, Maru, AltK, Lx
Maruti Suzuki, Alto K10, Vxi (O), Maru, AltK, VO
Maruti Suzuki, Alto K10, Lxi Cng (O), Maru, AltK, LCng
Maruti Suzuki, Alto K10, Vxi Amt (O), Maru, AltK, VAmt
Maruti Suzuki, Celerio Tour, H2, Maru, CelT, H2
Maruti Suzuki, Celerio Tour, H2 Cng, Maru, CelT, HCng
Maruti Suzuki, Celerio X, Vxi (O), Maru, CelX, VO
Maruti Suzuki, Celerio X, Vxi, Maru, CelX, Vxi
Maruti Suzuki, Celerio X, Vxi Amt, Maru, CelX, VAmt
Maruti Suzuki, Celerio X, Vxi Amt (O), Maru, CelX, VAmt
Maruti Suzuki, Celerio X, Zxi, Maru, CelX, Zxi
Maruti Suzuki, Celerio X, Zxi (O), Maru, CelX, ZO
Maruti Suzuki, Celerio X, Zxi Amt, Maru, CelX, ZAmt
Maruti Suzuki, Celerio X, Zxi Amt (O), Maru, CelX, ZAmt
Maruti Suzuki, Ignis, Alpha 1.2 Amt, Maru, Igni, A12A
Maruti Suzuki, Ignis, Alpha 1.2 Mt, Maru, Igni, A12M
Maruti Suzuki, Ignis, Delta 1.2 Amt, Maru, Igni, D12A
Maruti Suzuki, Ignis, Delta 1.2 Mt, Maru, Igni, D12M
Maruti Suzuki, Ignis, Sigma 1.2 Mt, Maru, Igni, S12M
Maruti Suzuki, Ignis, Zeta 1.2 Amt, Maru, Igni, Z12A
Maruti Suzuki, Ignis, Zeta 1.2 Mt, Maru, Igni, Z12M
Hyundai, Santro, Era Mt, Hyun, Sant, EMt
Hyundai, Santro, Magna Mt, Hyun, Sant, MMt
Hyundai, Santro, Magna Mt Cng, Hyun, Sant, MMtC
Hyundai, Santro, Magna Amt, Hyun, Sant, MAmt
Hyundai, Santro, Sportz Mt, Hyun, Sant, SMt
Hyundai, Santro, Sportz Mt Cng, Hyun, Sant, SMtC
Hyundai, Santro, Sportz Amt, Hyun, Sant, SAmt
Hyundai, Santro, Asta Mt, Hyun, Sant, AMt
Premier, Rio, Gx, Prem, Rio, Gx
Premier, Rio, Ex, Prem, Rio, Ex
Premier, Rio, Glx, Prem, Rio, Glx
Premier, Rio, Dx, Prem, Rio, Dx
Premier, Rio, Lx, Prem, Rio, Lx
Premier, Rio, Crdi4, Prem, Rio, Crdi
Toyota, Etios Liva, G, Toyo, EtiL, G
Toyota, Etios Liva, V, Toyo, EtiL, V
Toyota, Etios Liva, Gd, Toyo, EtiL, Gd
Toyota, Etios Liva, Vx, Toyo, EtiL, Vx
Toyota, Etios Liva, Vxd, Toyo, EtiL, Vxd
Toyota, Etios Liva, Vd, Toyo, EtiL, Vd
Toyota, Etios Liva, Dual Tone V, Toyo, EtiL, DToneV
Toyota, Etios Liva, Dual Tone Vd, Toyo, EtiL, DToneV
Toyota, Etios Liva, Dual Tone Vx, Toyo, EtiL, DToneV
Toyota, Etios Liva, Dual Tone Vxd, Toyo, EtiL, DToneV
Toyota, Etios Liva, Gx, Toyo, EtiL, Gx
Toyota, Etios Liva, Gxd, Toyo, EtiL, Gxd